{
  "service": {
    "service": "aws-nodejs",
    "serviceObject": {
      "name": "aws-nodejs"
    },
    "provider": {
      "stage": "dev",
      "variableSyntax": "\\${([^{}:]+?(?:\\(|:)[^:{}][^{}]*?)}",
      "name": "aws",
      "region": "us-west-2",
      "runtime": "nodejs10.x",
      "environment": {
        "LUMIGO_DEBUG": true
      },
      "iamRoleStatements": [
        {
          "Effect": "Allow",
          "Action": [
            "lambda:InvokeFunction",
            "lambda:InvokeAsync",
            "dynamodb:*",
            "sns:*",
            "sqs:*",
            "s3:*",
            "events:*"
          ],
          "Resource": [
            "*"
          ]
        }
      ],
      "versionFunctions": true,
      "compiledCloudFormationTemplate": {
        "AWSTemplateFormatVersion": "2010-09-09",
        "Description": "The AWS CloudFormation template for this Serverless application",
        "Resources": {
          "ServerlessDeploymentBucket": {
            "Type": "AWS::S3::Bucket",
            "Properties": {
              "BucketEncryption": {
                "ServerSideEncryptionConfiguration": [
                  {
                    "ServerSideEncryptionByDefault": {
                      "SSEAlgorithm": "AES256"
                    }
                  }
                ]
              }
            }
          },
          "ServerlessDeploymentBucketPolicy": {
            "Type": "AWS::S3::BucketPolicy",
            "Properties": {
              "Bucket": {
                "Ref": "ServerlessDeploymentBucket"
              },
              "PolicyDocument": {
                "Statement": [
                  {
                    "Action": "s3:*",
                    "Effect": "Deny",
                    "Principal": "*",
                    "Resource": [
                      {
                        "Fn::Join": [
                          "",
                          [
                            "arn:",
                            {
                              "Ref": "AWS::Partition"
                            },
                            ":s3:::",
                            {
                              "Ref": "ServerlessDeploymentBucket"
                            },
                            "/*"
                          ]
                        ]
                      }
                    ],
                    "Condition": {
                      "Bool": {
                        "aws:SecureTransport": false
                      }
                    }
                  }
                ]
              }
            }
          },
          "ChildLogGroup": {
            "Type": "AWS::Logs::LogGroup",
            "Properties": {
              "LogGroupName": "/aws/lambda/aws-nodejs-dev-child"
            }
          },
          "WebDashpackDashchildLogGroup": {
            "Type": "AWS::Logs::LogGroup",
            "Properties": {
              "LogGroupName": "/aws/lambda/aws-nodejs-dev-web-pack-child"
            }
          },
          "IamRoleLambdaExecution": {
            "Type": "AWS::IAM::Role",
            "Properties": {
              "AssumeRolePolicyDocument": {
                "Version": "2012-10-17",
                "Statement": [
                  {
                    "Effect": "Allow",
                    "Principal": {
                      "Service": [
                        "lambda.amazonaws.com"
                      ]
                    },
                    "Action": [
                      "sts:AssumeRole"
                    ]
                  }
                ]
              },
              "Policies": [
                {
                  "PolicyName": {
                    "Fn::Join": [
                      "-",
                      [
                        "aws-nodejs",
                        "dev",
                        "lambda"
                      ]
                    ]
                  },
                  "PolicyDocument": {
                    "Version": "2012-10-17",
                    "Statement": [
                      {
                        "Effect": "Allow",
                        "Action": [
                          "logs:CreateLogStream",
                          "logs:CreateLogGroup"
                        ],
                        "Resource": [
                          {
                            "Fn::Sub": "arn:${AWS::Partition}:logs:${AWS::Region}:${AWS::AccountId}:log-group:/aws/lambda/aws-nodejs-dev*:*"
                          }
                        ]
                      },
                      {
                        "Effect": "Allow",
                        "Action": [
                          "logs:PutLogEvents"
                        ],
                        "Resource": [
                          {
                            "Fn::Sub": "arn:${AWS::Partition}:logs:${AWS::Region}:${AWS::AccountId}:log-group:/aws/lambda/aws-nodejs-dev*:*:*"
                          }
                        ]
                      },
                      {
                        "$ref": "$[\"service\"][\"provider\"][\"iamRoleStatements\"][0]"
                      }
                    ]
                  }
                }
              ],
              "Path": "/",
              "RoleName": {
                "Fn::Join": [
                  "-",
                  [
                    "aws-nodejs",
                    "dev",
                    {
                      "Ref": "AWS::Region"
                    },
                    "lambdaRole"
                  ]
                ]
              }
            }
          },
          "ChildLambdaFunction": {
            "Type": "AWS::Lambda::Function",
            "Properties": {
              "Code": {
                "S3Bucket": {
                  "Ref": "ServerlessDeploymentBucket"
                },
                "S3Key": "serverless/aws-nodejs/dev/1620139813305-2021-05-04T14:50:13.305Z/aws-nodejs.zip"
              },
              "FunctionName": "aws-nodejs-dev-child",
              "Handler": "src/index.handler",
              "MemorySize": 1024,
              "Role": {
                "Fn::GetAtt": [
                  "IamRoleLambdaExecution",
                  "Arn"
                ]
              },
              "Runtime": "nodejs10.x",
              "Timeout": 5,
              "Environment": {
                "Variables": {
                  "LUMIGO_DEBUG": true
                }
              },
              "ReservedConcurrentExecutions": 1
            },
            "DependsOn": [
              "ChildLogGroup"
            ]
          },
          "ChildLambdaVersionFaxzMv6DM5RgFoMhARfd692054ASTcyEvuX65l9Kw": {
            "Type": "AWS::Lambda::Version",
            "DeletionPolicy": "Retain",
            "Properties": {
              "FunctionName": {
                "Ref": "ChildLambdaFunction"
              },
              "CodeSha256": "gZWmHWpe5Kwbi0fmRA6vYA4NDZW5a9WZBsnje3HfVq8="
            }
          },
          "WebDashpackDashchildLambdaFunction": {
            "Type": "AWS::Lambda::Function",
            "Properties": {
              "Code": {
                "S3Bucket": {
                  "Ref": "ServerlessDeploymentBucket"
                },
                "S3Key": "serverless/aws-nodejs/dev/1620139813305-2021-05-04T14:50:13.305Z/aws-nodejs.zip"
              },
              "FunctionName": "aws-nodejs-dev-web-pack-child",
              "Handler": "dist/main.handler",
              "MemorySize": 1024,
              "Role": {
                "Fn::GetAtt": [
                  "IamRoleLambdaExecution",
                  "Arn"
                ]
              },
              "Runtime": "nodejs10.x",
              "Timeout": 30,
              "Environment": {
                "Variables": {
                  "LUMIGO_DEBUG": true
                }
              },
              "ReservedConcurrentExecutions": 1
            },
            "DependsOn": [
              "WebDashpackDashchildLogGroup"
            ]
          },
          "WebDashpackDashchildLambdaVersion2GkOdKQy8vbCDlEW4S5kxXnxH0HXH4SLyRaRa2go": {
            "Type": "AWS::Lambda::Version",
            "DeletionPolicy": "Retain",
            "Properties": {
              "FunctionName": {
                "Ref": "WebDashpackDashchildLambdaFunction"
              },
              "CodeSha256": "gZWmHWpe5Kwbi0fmRA6vYA4NDZW5a9WZBsnje3HfVq8="
            }
          }
        },
        "Outputs": {
          "ServerlessDeploymentBucketName": {
            "Value": {
              "Ref": "ServerlessDeploymentBucket"
            }
          },
          "ChildLambdaFunctionQualifiedArn": {
            "Description": "Current Lambda function version",
            "Value": {
              "Ref": "ChildLambdaVersionFaxzMv6DM5RgFoMhARfd692054ASTcyEvuX65l9Kw"
            }
          },
          "WebDashpackDashchildLambdaFunctionQualifiedArn": {
            "Description": "Current Lambda function version",
            "Value": {
              "Ref": "WebDashpackDashchildLambdaVersion2GkOdKQy8vbCDlEW4S5kxXnxH0HXH4SLyRaRa2go"
            }
          }
        }
      },
      "coreCloudFormationTemplate": {
        "AWSTemplateFormatVersion": "2010-09-09",
        "Description": "The AWS CloudFormation template for this Serverless application",
        "Resources": {
          "ServerlessDeploymentBucket": {
            "Type": "AWS::S3::Bucket",
            "Properties": {
              "BucketEncryption": {
                "ServerSideEncryptionConfiguration": [
                  {
                    "ServerSideEncryptionByDefault": {
                      "SSEAlgorithm": "AES256"
                    }
                  }
                ]
              }
            }
          },
          "ServerlessDeploymentBucketPolicy": {
            "Type": "AWS::S3::BucketPolicy",
            "Properties": {
              "Bucket": {
                "Ref": "ServerlessDeploymentBucket"
              },
              "PolicyDocument": {
                "Statement": [
                  {
                    "Action": "s3:*",
                    "Effect": "Deny",
                    "Principal": "*",
                    "Resource": [
                      {
                        "Fn::Join": [
                          "",
                          [
                            "arn:",
                            {
                              "Ref": "AWS::Partition"
                            },
                            ":s3:::",
                            {
                              "Ref": "ServerlessDeploymentBucket"
                            },
                            "/*"
                          ]
                        ]
                      }
                    ],
                    "Condition": {
                      "Bool": {
                        "aws:SecureTransport": false
                      }
                    }
                  }
                ]
              }
            }
          }
        },
        "Outputs": {
          "ServerlessDeploymentBucketName": {
            "Value": {
              "Ref": "ServerlessDeploymentBucket"
            }
          }
        }
      },
      "vpc": {}
    },
    "pluginsData": {},
    "functions": {
      "child": {
        "handler": "src/index.handler",
        "timeout": 5,
        "memory": 1024,
        "reservedConcurrency": 1,
        "events": [],
        "name": "aws-nodejs-dev-child",
        "package": {},
        "runtime": "nodejs10.x",
        "vpc": {},
        "versionLogicalId": "ChildLambdaVersionFaxzMv6DM5RgFoMhARfd692054ASTcyEvuX65l9Kw"
      },
      "web-pack-child": {
        "handler": "dist/main.handler",
        "timeout": 30,
        "memory": 1024,
        "reservedConcurrency": 1,
        "events": [],
        "name": "aws-nodejs-dev-web-pack-child",
        "package": {},
        "runtime": "nodejs10.x",
        "vpc": {},
        "versionLogicalId": "WebDashpackDashchildLambdaVersion2GkOdKQy8vbCDlEW4S5kxXnxH0HXH4SLyRaRa2go"
      }
    },
    "configValidationMode": "warn",
    "serviceFilename": "serverless.yml",
    "layers": {},
    "initialServerlessConfig": {
      "service": "aws-nodejs",
      "provider": {
        "name": "aws",
        "region": "us-west-2",
        "runtime": "nodejs10.x",
        "environment": {
          "LUMIGO_DEBUG": true
        },
        "iamRoleStatements": [
          {
            "Effect": "Allow",
            "Action": [
              "lambda:InvokeFunction",
              "lambda:InvokeAsync",
              "dynamodb:*",
              "sns:*",
              "sqs:*",
              "s3:*",
              "events:*"
            ],
            "Resource": [
              "*"
            ]
          }
        ]
      },
      "functions": {
        "$ref": "$[\"service\"][\"functions\"]"
      }
    },
    "isDashboardMonitoringPreconfigured": false,
    "artifact": "/Users/doriaviram/source/lumigo-node/d_example/.serverless/aws-nodejs.zip"
  },
  "package": {
    "artifactDirectoryName": "serverless/aws-nodejs/dev/1620139813305-2021-05-04T14:50:13.305Z",
    "artifact": "aws-nodejs.zip"
  }
}